numstates; 500 
 num value iterations; 30 
 conv type; circular 
conv width; 11 
 channel_i; 1 
 channel_h; 50 
 channel_q; 15 
hidden layer size; 30 
 learning rate; 0.000100 
 TAU; 0.001000 
 batch size; 16 
 reward; 
 New angle formula 
Episodes Spent Training; 50 Episode Eval Avg; Learned Reward Map 
200; -969.286277692;[[[  2.50485502e-02]   [  1.70419756e-02]   [  3.30592245e-02]   [  3.56668904e-02]   [  3.96402888e-02]   [  2.51141619e-02]   [  2.21813191e-02]   [  2.44139284e-02]   [  2.30151918e-02]   [  2.50047725e-02]   [  1.56450719e-02]   [  2.13689841e-02]   [  1.77599676e-02]   [  1.87010691e-02]   [  7.68993190e-03]   [  7.21200416e-03]   [  1.39107574e-02]   [  1.34551488e-02]   [  1.27450519e-04]   [  2.95077893e-03]   [ -2.19065603e-03]   [  1.01055289e-02]   [  1.89441256e-02]   [  2.12993529e-02]   [  2.13375213e-04]   [ -1.05371159e-02]   [ -1.36596393e-02]   [  1.88700727e-03]   [  1.16274543e-02]   [  1.30980993e-02]   [ -3.96124175e-04]   [  5.91383548e-03]   [ -3.18885036e-03]   [  2.29883380e-03]   [ -3.96928843e-03]   [  5.88032557e-03]   [  3.95179726e-04]   [ -6.38689322e-04]   [  4.93961386e-03]   [ -2.91939417e-04]   [  5.80916589e-04]   [  1.13178429e-03]   [  4.62356536e-03]   [ -3.09560215e-03]   [  3.15821311e-03]   [  9.43270512e-04]   [  3.24714207e-03]   [  5.58958668e-03]   [ -2.70750863e-03]   [  4.33952827e-03]   [  1.35828252e-03]   [ -2.88328505e-03]   [  1.43684139e-02]   [  1.82084841e-04]   [  2.91244383e-03]   [  6.77890051e-03]   [  3.35400365e-03]   [ -2.89246580e-03]   [  7.38165295e-03]   [  2.68677424e-04]   [ -1.01273030e-03]   [ -1.41109675e-02]   [ -2.04163208e-03]   [  3.44433859e-02]   [  8.44270363e-03]   [ -5.75523684e-03]   [ -1.35615394e-02]   [  5.36392163e-03]   [ -3.44811310e-03]   [ -4.91302600e-03]   [  2.09287517e-02]   [  1.08343111e-02]   [  1.67327486e-02]   [  3.16614774e-03]   [  2.24600779e-04]   [  5.07307611e-03]   [  1.66826919e-02]   [ -1.11879036e-02]   [ -6.90773595e-03]   [  1.62384342e-02]   [ -5.83735108e-03]   [  1.06519030e-03]   [  1.24319121e-02]   [ -3.61437141e-03]   [ -3.68022406e-03]   [ -3.65437521e-03]   [ -1.15540596e-02]   [  3.68157378e-03]   [ -7.20176380e-03]   [  2.87855789e-03]   [  1.44567471e-02]   [  5.20502916e-04]   [ -2.93088285e-03]   [  7.76565168e-03]   [  6.82507921e-03]   [  7.04937265e-04]   [  7.48861488e-03]   [  2.08444744e-02]   [  7.28478841e-03]   [  1.90958511e-02]   [  1.86856370e-02]   [  1.50407888e-02]   [  2.91039627e-02]   [  4.39661667e-02]   [  4.82077599e-02]   [  5.11859134e-02]   [  6.29717559e-02]   [  6.62502050e-02]   [  6.51828721e-02]   [  7.04667866e-02]   [  9.05580521e-02]   [  8.80052075e-02]   [  1.08144544e-01]   [  9.36892778e-02]   [  1.11329429e-01]   [  9.73175019e-02]   [  9.12076533e-02]   [  1.17696486e-01]   [  1.23830877e-01]   [  1.18801430e-01]   [  1.10518910e-01]   [  9.50128362e-02]   [  8.55895802e-02]   [  6.21448196e-02]   [ -6.03103545e-03]   [ -2.32311059e-02]   [ -3.48744430e-02]   [ -4.29066494e-02]   [ -4.27981168e-02]   [ -3.95172946e-02]   [ -3.83640304e-02]   [ -4.09008861e-02]   [ -1.11078480e-02]   [ -5.51905669e-03]   [  4.01956355e-03]   [  4.83587431e-03]   [ -1.86892934e-02]   [ -3.06173917e-02]   [ -3.41036394e-02]   [ -3.82301360e-02]   [ -3.22531201e-02]   [ -3.05765625e-02]   [ -2.42178459e-02]   [ -4.02642647e-03]   [  2.13889442e-02]   [  6.36969134e-02]   [  5.60250580e-02]   [  3.09024621e-02]   [ -3.95120541e-03]   [ -1.46167818e-02]   [ -5.58557222e-03]   [  9.94358119e-03]   [  1.36866691e-02]   [  2.20791735e-02]   [  6.89342842e-02]   [  7.57118613e-02]   [  7.80488178e-02]   [  2.30664909e-02]   [ -1.53297186e-02]   [ -2.08355449e-02]   [ -2.49668527e-02]   [ -2.01955885e-02]   [ -1.74407363e-02]   [ -1.69259384e-02]   [ -2.78430786e-02]   [ -3.60588543e-02]   [ -4.12295349e-02]   [ -3.76770236e-02]   [ -3.35939303e-02]   [ -3.38015035e-02]   [ -4.17525917e-02]   [ -4.27152365e-02]   [ -3.91516984e-02]   [ -3.22241448e-02]   [ -3.36540006e-02]   [ -4.39378731e-02]   [ -5.07612936e-02]   [ -5.04653044e-02]   [ -5.07043228e-02]   [ -4.84371409e-02]   [ -4.36179936e-02]   [ -4.39424291e-02]   [ -4.45500091e-02]   [ -4.61295135e-02]   [ -3.99075523e-02]   [ -4.18877006e-02]   [ -3.65650691e-02]   [ -4.11818549e-02]   [ -2.98263207e-02]   [ -2.62018424e-02]   [ -2.70447452e-02]   [ -2.63740681e-02]   [ -2.38835867e-02]   [ -2.48841941e-02]   [ -2.12507397e-02]   [ -2.91555822e-02]   [ -3.34067121e-02]   [ -3.64359654e-02]   [ -2.58932393e-02]   [ -2.33763848e-02]   [ -2.83553973e-02]   [ -3.82390954e-02]   [ -2.72848755e-02]   [ -2.67730728e-02]   [ -4.91169132e-02]   [ -4.50415090e-02]   [ -4.39965986e-02]   [ -4.34516333e-02]   [ -3.75811905e-02]   [ -3.92255783e-02]   [ -5.30535132e-02]   [ -6.99499473e-02]   [ -8.18212777e-02]   [ -4.57698181e-02]   [ -4.29555140e-02]   [ -9.19159874e-02]   [ -1.12807736e-01]   [ -7.29898289e-02]   [ -3.56398523e-02]   [ -2.78087035e-02]   [ -1.24749087e-01]   [ -1.64251179e-01]   [ -1.52144641e-01]   [ -1.26915365e-01]   [ -1.35618851e-01]   [ -1.01212554e-01]   [ -1.17029779e-01]   [ -1.30988702e-01]   [ -1.50443614e-01]   [ -1.76924407e-01]   [ -1.71761721e-01]   [ -1.76003739e-01]   [ -1.81275651e-01]   [ -1.84714437e-01]   [ -1.89929277e-01]   [ -2.10190892e-01]   [ -2.19727769e-01]   [ -2.37469763e-01]   [ -2.50692040e-01]   [ -2.37888038e-01]   [ -2.51556188e-01]   [ -2.57399857e-01]   [ -2.79686481e-01]   [ -2.82790959e-01]   [ -2.97385573e-01]   [ -2.69259989e-01]   [ -2.57086158e-01]   [ -2.31772780e-01]   [ -2.04704374e-01]   [ -1.69081077e-01]]] 
300; -355.452919745;[[[  1.66473798e-02]   [  7.53552327e-03]   [  2.61889538e-03]   [ -1.21322442e-02]   [  6.75860047e-03]   [ -4.20654984e-03]   [ -5.86614199e-03]   [  1.20828557e-03]   [ -1.92273362e-03]   [  1.93833315e-03]   [ -7.60575244e-03]   [ -5.63620962e-03]   [  5.13655879e-03]   [ -4.10742732e-03]   [ -1.71196777e-02]   [ -8.50189291e-03]   [  2.52077077e-03]   [  7.40389759e-03]   [ -1.08968066e-02]   [ -9.95088276e-03]   [ -1.30915456e-02]   [ -1.49317645e-03]   [  2.82342616e-03]   [  2.49915794e-02]   [  3.01473920e-05]   [ -1.30542060e-02]   [ -2.44946387e-02]   [  1.96450768e-04]   [  2.35101152e-02]   [  1.69937108e-02]   [  5.64230327e-03]   [  5.41491667e-03]   [  5.44456393e-03]   [  5.75669762e-03]   [ -5.94051089e-04]   [  4.54719272e-03]   [  4.33279155e-03]   [  9.38307773e-03]   [  9.35277529e-03]   [ -6.69255503e-04]   [  1.33313751e-02]   [  1.30927982e-02]   [  1.85162760e-02]   [  1.12732556e-02]   [  1.49184270e-02]   [  1.73770599e-02]   [  1.48991728e-02]   [  1.99411679e-02]   [  1.49244210e-02]   [  2.67926287e-02]   [  3.79036516e-02]   [  3.68261971e-02]   [  4.87319082e-02]   [  2.74609867e-02]   [  4.30431105e-02]   [  2.99427360e-02]   [  1.58540756e-02]   [  8.66293907e-03]   [  2.43290514e-02]   [  2.44551860e-02]   [  2.85663418e-02]   [  2.67012659e-02]   [  2.83737574e-02]   [  4.24305610e-02]   [  1.45360669e-02]   [  1.79866999e-02]   [  2.17400286e-02]   [  3.85817438e-02]   [  4.69197147e-02]   [  3.36109623e-02]   [  3.86797935e-02]   [  3.14771272e-02]   [  5.14943227e-02]   [  4.86273468e-02]   [  3.41693535e-02]   [  5.35549894e-02]   [  6.67442828e-02]   [  5.29781654e-02]   [  3.89692858e-02]   [  5.97727671e-02]   [  5.54285981e-02]   [  6.09038137e-02]   [  6.51442409e-02]   [  5.10958768e-02]   [  6.46447986e-02]   [  6.72524422e-02]   [  6.26964793e-02]   [  7.76962936e-02]   [  7.18032345e-02]   [  7.89482668e-02]   [  7.38626719e-02]   [  7.06657320e-02]   [  8.95356983e-02]   [  8.69766623e-02]   [  9.60668623e-02]   [  9.55988690e-02]   [  1.07422106e-01]   [  1.18189633e-01]   [  1.02613859e-01]   [  1.21545553e-01]   [  1.47850543e-01]   [  1.29596338e-01]   [  1.78651094e-01]   [  1.72761843e-01]   [  1.81960046e-01]   [  2.01197878e-01]   [  1.94264323e-01]   [  1.84985846e-01]   [  1.83113247e-01]   [  1.96228266e-01]   [  2.13633329e-01]   [  2.14191616e-01]   [  2.38280803e-01]   [  2.15612009e-01]   [  2.36495048e-01]   [  1.69781119e-01]   [  1.19090356e-01]   [  1.77436113e-01]   [  2.07933456e-01]   [  2.40184382e-01]   [  2.80105501e-01]   [  2.94576854e-01]   [  3.19773376e-01]   [  3.80743146e-01]   [  2.87130505e-01]   [  7.45738745e-02]   [ -2.59111505e-02]   [ -6.15096726e-02]   [ -6.77406341e-02]   [ -5.54253869e-02]   [ -5.17820716e-02]   [ -3.76834050e-02]   [  3.72698456e-02]   [  1.85929481e-02]   [ -3.40382643e-02]   [ -2.61445995e-02]   [ -3.85852046e-02]   [ -3.61101814e-02]   [ -4.55004424e-02]   [ -6.43832386e-02]   [ -6.73677698e-02]   [ -7.18401819e-02]   [ -6.85918704e-02]   [ -5.47254235e-02]   [ -3.25661749e-02]   [  5.67286387e-02]   [  8.02960172e-02]   [  4.31835689e-02]   [ -5.58159640e-03]   [ -1.23733534e-02]   [  3.44306380e-02]   [  1.09374493e-01]   [  1.45151600e-01]   [  1.56059951e-01]   [  1.90671578e-01]   [  1.71657801e-01]   [  1.41052812e-01]   [  9.50157046e-02]   [ -3.72809507e-02]   [ -5.56393936e-02]   [ -6.34159744e-02]   [ -4.96662818e-02]   [ -3.93171497e-02]   [ -3.14812884e-02]   [ -3.20078582e-02]   [ -3.41276191e-02]   [ -5.09448871e-02]   [ -9.73449498e-02]   [ -6.94918409e-02]   [ -8.74112695e-02]   [ -8.42094645e-02]   [ -7.88685307e-02]   [ -9.91290808e-02]   [ -9.49230194e-02]   [ -8.99951085e-02]   [ -9.64949504e-02]   [ -1.07651226e-01]   [ -1.11359298e-01]   [ -1.15368426e-01]   [ -1.07645616e-01]   [ -8.02431628e-02]   [ -6.33456334e-02]   [ -6.60284534e-02]   [ -9.13055316e-02]   [ -8.05828422e-02]   [ -8.12961832e-02]   [ -8.73484462e-02]   [ -1.05114572e-01]   [ -1.01250574e-01]   [ -9.91815478e-02]   [ -1.06805958e-01]   [ -1.00144744e-01]   [ -8.69559944e-02]   [ -9.19944718e-02]   [ -8.70438814e-02]   [ -8.64203274e-02]   [ -8.54654685e-02]   [ -9.46226940e-02]   [ -8.42098743e-02]   [ -7.10647777e-02]   [ -8.23365301e-02]   [ -9.35892910e-02]   [ -7.68181235e-02]   [ -5.91601022e-02]   [ -9.85623449e-02]   [ -8.81346911e-02]   [ -8.39900151e-02]   [ -7.34487250e-02]   [ -7.40379691e-02]   [ -8.48391205e-02]   [ -8.00831616e-02]   [ -8.90074968e-02]   [ -9.62205604e-02]   [ -6.31800815e-02]   [ -6.20705336e-02]   [ -1.06264211e-01]   [ -1.04345642e-01]   [ -8.29666480e-02]   [ -6.71275705e-02]   [ -5.11332527e-02]   [ -9.42332372e-02]   [ -9.54596773e-02]   [ -7.74191692e-02]   [ -7.93089569e-02]   [ -8.35573897e-02]   [ -7.42120445e-02]   [ -7.60100484e-02]   [ -6.85159191e-02]   [ -7.63705224e-02]   [ -9.31066275e-02]   [ -8.28372240e-02]   [ -7.05604106e-02]   [ -6.87657297e-02]   [ -7.33001381e-02]   [ -7.79123902e-02]   [ -7.02959001e-02]   [ -8.15958008e-02]   [ -7.49312118e-02]   [ -8.49426687e-02]   [ -7.29929358e-02]   [ -6.78100735e-02]   [ -6.98421523e-02]   [ -8.15036222e-02]   [ -8.00454915e-02]   [ -8.60259011e-02]   [ -6.45255148e-02]   [ -6.63761348e-02]   [ -6.68334663e-02]   [ -7.05278218e-02]   [ -7.81731158e-02]]] 
Time Training (500episodes);1455.5140371322632
Final Learned Reward Map; [[[  1.66473798e-02]   [  7.53552327e-03]   [  2.61889538e-03]   [ -1.21322442e-02]   [  6.75860047e-03]   [ -4.20654984e-03]   [ -5.86614199e-03]   [  1.20828557e-03]   [ -1.92273362e-03]   [  1.93833315e-03]   [ -7.60575244e-03]   [ -5.63620962e-03]   [  5.13655879e-03]   [ -4.10742732e-03]   [ -1.71196777e-02]   [ -8.50189291e-03]   [  2.52077077e-03]   [  7.40389759e-03]   [ -1.08968066e-02]   [ -9.95088276e-03]   [ -1.30915456e-02]   [ -1.49317645e-03]   [  2.82342616e-03]   [  2.49915794e-02]   [  3.01473920e-05]   [ -1.30542060e-02]   [ -2.44946387e-02]   [  1.96450768e-04]   [  2.35101152e-02]   [  1.69937108e-02]   [  5.64230327e-03]   [  5.41491667e-03]   [  5.44456393e-03]   [  5.75669762e-03]   [ -5.94051089e-04]   [  4.54719272e-03]   [  4.33279155e-03]   [  9.38307773e-03]   [  9.35277529e-03]   [ -6.69255503e-04]   [  1.33313751e-02]   [  1.30927982e-02]   [  1.85162760e-02]   [  1.12732556e-02]   [  1.49184270e-02]   [  1.73770599e-02]   [  1.48991728e-02]   [  1.99411679e-02]   [  1.49244210e-02]   [  2.67926287e-02]   [  3.79036516e-02]   [  3.68261971e-02]   [  4.87319082e-02]   [  2.74609867e-02]   [  4.30431105e-02]   [  2.99427360e-02]   [  1.58540756e-02]   [  8.66293907e-03]   [  2.43290514e-02]   [  2.44551860e-02]   [  2.85663418e-02]   [  2.67012659e-02]   [  2.83737574e-02]   [  4.24305610e-02]   [  1.45360669e-02]   [  1.79866999e-02]   [  2.17400286e-02]   [  3.85817438e-02]   [  4.69197147e-02]   [  3.36109623e-02]   [  3.86797935e-02]   [  3.14771272e-02]   [  5.14943227e-02]   [  4.86273468e-02]   [  3.41693535e-02]   [  5.35549894e-02]   [  6.67442828e-02]   [  5.29781654e-02]   [  3.89692858e-02]   [  5.97727671e-02]   [  5.54285981e-02]   [  6.09038137e-02]   [  6.51442409e-02]   [  5.10958768e-02]   [  6.46447986e-02]   [  6.72524422e-02]   [  6.26964793e-02]   [  7.76962936e-02]   [  7.18032345e-02]   [  7.89482668e-02]   [  7.38626719e-02]   [  7.06657320e-02]   [  8.95356983e-02]   [  8.69766623e-02]   [  9.60668623e-02]   [  9.55988690e-02]   [  1.07422106e-01]   [  1.18189633e-01]   [  1.02613859e-01]   [  1.21545553e-01]   [  1.47850543e-01]   [  1.29596338e-01]   [  1.78651094e-01]   [  1.72761843e-01]   [  1.81960046e-01]   [  2.01197878e-01]   [  1.94264323e-01]   [  1.84985846e-01]   [  1.83113247e-01]   [  1.96228266e-01]   [  2.13633329e-01]   [  2.14191616e-01]   [  2.38280803e-01]   [  2.15612009e-01]   [  2.36495048e-01]   [  1.69781119e-01]   [  1.19090356e-01]   [  1.77436113e-01]   [  2.07933456e-01]   [  2.40184382e-01]   [  2.80105501e-01]   [  2.94576854e-01]   [  3.19773376e-01]   [  3.80743146e-01]   [  2.87130505e-01]   [  7.45738745e-02]   [ -2.59111505e-02]   [ -6.15096726e-02]   [ -6.77406341e-02]   [ -5.54253869e-02]   [ -5.17820716e-02]   [ -3.76834050e-02]   [  3.72698456e-02]   [  1.85929481e-02]   [ -3.40382643e-02]   [ -2.61445995e-02]   [ -3.85852046e-02]   [ -3.61101814e-02]   [ -4.55004424e-02]   [ -6.43832386e-02]   [ -6.73677698e-02]   [ -7.18401819e-02]   [ -6.85918704e-02]   [ -5.47254235e-02]   [ -3.25661749e-02]   [  5.67286387e-02]   [  8.02960172e-02]   [  4.31835689e-02]   [ -5.58159640e-03]   [ -1.23733534e-02]   [  3.44306380e-02]   [  1.09374493e-01]   [  1.45151600e-01]   [  1.56059951e-01]   [  1.90671578e-01]   [  1.71657801e-01]   [  1.41052812e-01]   [  9.50157046e-02]   [ -3.72809507e-02]   [ -5.56393936e-02]   [ -6.34159744e-02]   [ -4.96662818e-02]   [ -3.93171497e-02]   [ -3.14812884e-02]   [ -3.20078582e-02]   [ -3.41276191e-02]   [ -5.09448871e-02]   [ -9.73449498e-02]   [ -6.94918409e-02]   [ -8.74112695e-02]   [ -8.42094645e-02]   [ -7.88685307e-02]   [ -9.91290808e-02]   [ -9.49230194e-02]   [ -8.99951085e-02]   [ -9.64949504e-02]   [ -1.07651226e-01]   [ -1.11359298e-01]   [ -1.15368426e-01]   [ -1.07645616e-01]   [ -8.02431628e-02]   [ -6.33456334e-02]   [ -6.60284534e-02]   [ -9.13055316e-02]   [ -8.05828422e-02]   [ -8.12961832e-02]   [ -8.73484462e-02]   [ -1.05114572e-01]   [ -1.01250574e-01]   [ -9.91815478e-02]   [ -1.06805958e-01]   [ -1.00144744e-01]   [ -8.69559944e-02]   [ -9.19944718e-02]   [ -8.70438814e-02]   [ -8.64203274e-02]   [ -8.54654685e-02]   [ -9.46226940e-02]   [ -8.42098743e-02]   [ -7.10647777e-02]   [ -8.23365301e-02]   [ -9.35892910e-02]   [ -7.68181235e-02]   [ -5.91601022e-02]   [ -9.85623449e-02]   [ -8.81346911e-02]   [ -8.39900151e-02]   [ -7.34487250e-02]   [ -7.40379691e-02]   [ -8.48391205e-02]   [ -8.00831616e-02]   [ -8.90074968e-02]   [ -9.62205604e-02]   [ -6.31800815e-02]   [ -6.20705336e-02]   [ -1.06264211e-01]   [ -1.04345642e-01]   [ -8.29666480e-02]   [ -6.71275705e-02]   [ -5.11332527e-02]   [ -9.42332372e-02]   [ -9.54596773e-02]   [ -7.74191692e-02]   [ -7.93089569e-02]   [ -8.35573897e-02]   [ -7.42120445e-02]   [ -7.60100484e-02]   [ -6.85159191e-02]   [ -7.63705224e-02]   [ -9.31066275e-02]   [ -8.28372240e-02]   [ -7.05604106e-02]   [ -6.87657297e-02]   [ -7.33001381e-02]   [ -7.79123902e-02]   [ -7.02959001e-02]   [ -8.15958008e-02]   [ -7.49312118e-02]   [ -8.49426687e-02]   [ -7.29929358e-02]   [ -6.78100735e-02]   [ -6.98421523e-02]   [ -8.15036222e-02]   [ -8.00454915e-02]   [ -8.60259011e-02]   [ -6.45255148e-02]   [ -6.63761348e-02]   [ -6.68334663e-02]   [ -7.05278218e-02]   [ -7.81731158e-02]]] 
Evaluation Episode; Reward 
0; -477.950853628
1; -122.789065414
2; -380.562661592
3; -246.504346073
4; -354.097010525
5; -250.622055696
6; -601.820917965
7; -127.205374297
8; -574.693559799
9; -127.122171506
10; -126.918894892
11; -123.144824089
12; -481.704353027
13; -127.049772088
14; -1050.47653768
15; -1043.34965025
16; -1105.6909954
17; -246.488323741
18; -238.297991255
19; -1127.89288757
20; -485.189121547
21; -356.849183841
22; -126.773331729
23; -371.932828964
24; -1055.74286458
25; -1039.58641325
26; -123.960829434
27; -126.431336809
28; -244.7416534
29; -1039.18412592
30; -124.244981518
31; -478.396945855
32; -244.133221595
33; -1054.5021299
34; -480.881416049
35; -126.503597387
36; -243.010150404
37; -1063.13297336
38; -1083.04008512
39; -1125.75257705
40; -605.007569629
41; -127.021397835
42; -0.301057577171
43; -119.252137161
44; -126.088899929
45; -1040.02754261
46; -620.584293357
47; -615.96980239
48; -119.944163463
49; -237.108968163
50; -126.716492743
51; -123.648764587
52; -243.157036902
53; -127.279669155
54; -1066.88548345
55; -1051.62568694
56; -1037.94823108
57; -125.905160293
58; -238.97296061
59; -0.573489665738
60; -1041.07905044
61; -123.526844577
62; -1053.37795239
63; -0.431086287983
64; -1051.1050047
65; -379.656754063
66; -121.142211732
67; -1048.79368804
68; -0.670721444759
69; -1.06248676716
70; -1078.26893772
71; -0.39094943302
72; -366.09201982
73; -122.346709891
74; -121.091469171
75; -124.378440307
76; -368.225035405
77; -512.748687902
78; -246.074224343
79; -125.695863118
80; -489.166809857
81; -245.574566039
82; -362.74785227
83; -1026.51419155
84; -242.137726446
85; -121.208515433
86; -367.591918451
87; -0.644856088967
88; -541.543496335
89; -127.008954046
90; -123.982476305
91; -236.580163151
92; -1036.81803323
93; -246.981277996
94; -369.495569639
95; -123.35070556
96; -1065.89723985
97; -125.905722832
98; -1056.5511946
99; -244.752018678
endExperiment

numstates; 500 
 num value iterations; 30 
 conv type; circular 
conv width; 11 
 channel_i; 1 
 channel_h; 50 
 channel_q; 15 
hidden layer size; 30 
 learning rate; 0.000100 
 TAU; 0.001000 
 batch size; 16 
 reward; 
 New angle formula 
Episodes Spent Training; 50 Episode Eval Avg; Learned Reward Map 
200; -1089.17870006;[[[-0.00475169]   [ 0.00177091]   [ 0.00329861]   [ 0.00600551]   [ 0.00998277]   [ 0.01027076]   [ 0.01860189]   [ 0.01610804]   [ 0.01897674]   [ 0.01554991]   [ 0.01490193]   [ 0.00742741]   [-0.0020919 ]   [-0.00373281]   [-0.0040905 ]   [-0.00524395]   [-0.0015416 ]   [-0.00167552]   [ 0.00580378]   [ 0.00566996]   [ 0.01303595]   [ 0.0175794 ]   [ 0.01765019]   [ 0.01836654]   [ 0.01508315]   [ 0.01067774]   [ 0.01070492]   [ 0.00742498]   [ 0.00347043]   [ 0.00753386]   [ 0.01347602]   [ 0.01794024]   [ 0.01391005]   [ 0.02025005]   [ 0.02336723]   [ 0.01724121]   [ 0.0058039 ]   [-0.00609505]   [-0.01002796]   [-0.00893879]   [-0.00989339]   [-0.00494421]   [ 0.00713105]   [ 0.01519948]   [ 0.01909709]   [ 0.02030957]   [ 0.01469113]   [ 0.01584406]   [ 0.01588597]   [ 0.00594391]   [-0.00093018]   [ 0.00071426]   [ 0.00296729]   [ 0.004118  ]   [ 0.00774514]   [ 0.00580472]   [ 0.00521016]   [ 0.00602276]   [ 0.00295612]   [ 0.00149667]   [ 0.00090227]   [ 0.01024464]   [ 0.01229425]   [ 0.02009935]   [ 0.02648458]   [ 0.02560065]   [ 0.02056819]   [ 0.01451303]   [ 0.01068474]   [ 0.0057246 ]   [-0.0024983 ]   [-0.00570336]   [-0.00918042]   [-0.00729695]   [-0.00462159]   [ 0.0025642 ]   [ 0.00949018]   [ 0.01350311]   [ 0.01898956]   [ 0.02181601]   [ 0.02418276]   [ 0.02643271]   [ 0.02185792]   [ 0.00990762]   [ 0.00412739]   [ 0.00365911]   [ 0.0127697 ]   [ 0.02310264]   [ 0.03866299]   [ 0.06087318]   [ 0.06745007]   [ 0.06030576]   [ 0.05002719]   [ 0.04277559]   [ 0.04419629]   [ 0.03692926]   [ 0.03344041]   [ 0.03039801]   [ 0.02620624]   [ 0.02242148]   [ 0.02164398]   [ 0.01875339]   [ 0.01834753]   [ 0.01352811]   [ 0.01618045]   [ 0.01259242]   [ 0.01209018]   [ 0.01010131]   [ 0.00257908]   [ 0.00306602]   [ 0.01008855]   [ 0.00972798]   [ 0.0098233 ]   [ 0.0068319 ]   [ 0.01157263]   [ 0.00700353]   [ 0.00499253]   [-0.0015538 ]   [-0.00692125]   [-0.00609716]   [-0.00755114]   [-0.01325548]   [-0.009154  ]   [ 0.00410537]   [ 0.04938107]   [ 0.03999619]   [ 0.03150535]   [ 0.03050068]   [ 0.03324109]   [ 0.02377924]   [ 0.01617577]   [ 0.01876292]   [ 0.00486664]   [ 0.00407982]   [ 0.00993381]   [ 0.01217204]   [ 0.01221219]   [ 0.00732757]   [ 0.00679338]   [ 0.00439165]   [ 0.0052572 ]   [ 0.00455368]   [ 0.00651845]   [ 0.0053502 ]   [ 0.00320751]   [ 0.0039693 ]   [ 0.00526672]   [ 0.00663399]   [ 0.00754219]   [ 0.00778854]   [ 0.01423931]   [ 0.00757273]   [-0.00072447]   [-0.01162861]   [-0.0138687 ]   [-0.01811576]   [-0.01477165]   [-0.00270627]   [ 0.00893904]   [ 0.04399497]   [ 0.08072747]   [ 0.08542229]   [ 0.07199903]   [ 0.05305593]   [ 0.04310613]   [ 0.02713047]   [ 0.01933577]   [ 0.0140589 ]   [ 0.01264811]   [ 0.01648549]   [ 0.01757657]   [ 0.01795166]   [ 0.01416398]   [ 0.0066398 ]   [ 0.00800177]   [ 0.00700048]   [ 0.00681794]   [ 0.00657445]   [ 0.00787211]   [ 0.01298043]   [ 0.01567963]   [ 0.01346349]   [ 0.01131572]   [ 0.01718915]   [ 0.02808462]   [ 0.04041493]   [ 0.05083701]   [ 0.0590132 ]   [ 0.05816178]   [ 0.05183629]   [ 0.04057863]   [ 0.02770299]   [ 0.02096059]   [ 0.01965418]   [ 0.01781325]   [ 0.02568932]   [ 0.04474531]   [ 0.10666582]   [ 0.16289607]   [ 0.17777613]   [ 0.17278975]   [ 0.16512978]   [ 0.16159344]   [ 0.15172984]   [ 0.10539535]   [ 0.07586104]   [ 0.06852304]   [ 0.06231519]   [ 0.06655961]   [ 0.0686712 ]   [ 0.06673748]   [ 0.0673836 ]   [ 0.07164411]   [ 0.08466178]   [ 0.12754124]   [ 0.18851513]   [ 0.2309169 ]   [ 0.24527302]   [ 0.255234  ]   [ 0.26893011]   [ 0.24113193]   [ 0.15752476]   [ 0.0895727 ]   [ 0.04835271]   [ 0.01076933]   [-0.02251436]   [-0.05297745]   [-0.08638275]   [-0.11347417]   [-0.13926621]   [-0.15935461]   [-0.17876582]   [-0.20281106]   [-0.21924299]   [-0.2377972 ]   [-0.25453234]   [-0.26516744]   [-0.27789724]   [-0.28978625]   [-0.2991249 ]   [-0.30894971]   [-0.31846848]   [-0.32799074]   [-0.33281472]   [-0.33917502]   [-0.34320813]   [-0.34604946]   [-0.3498289 ]   [-0.34901449]   [-0.34826395]]] 
300; -939.3035109;[[[  5.36584109e-03]   [  6.45835465e-03]   [  2.94134975e-03]   [  2.93157971e-03]   [  8.90324265e-03]   [  1.50163928e-02]   [  3.05596385e-02]   [  2.92876326e-02]   [  2.98740435e-02]   [  2.22909246e-02]   [  1.75318345e-02]   [  7.91169982e-03]   [ -2.75232736e-03]   [ -6.20131660e-03]   [ -8.54581501e-03]   [ -9.86375380e-03]   [ -6.10610982e-03]   [ -5.20456024e-03]   [  3.65893007e-03]   [  5.08454628e-03]   [  1.39965136e-02]   [  2.61335671e-02]   [  3.25900204e-02]   [  2.94529554e-02]   [  2.35449113e-02]   [  7.14642182e-03]   [ -1.98004092e-03]   [  1.68760307e-03]   [  5.75971697e-03]   [  1.66447144e-02]   [  2.73224451e-02]   [  2.99338680e-02]   [  2.21858695e-02]   [  2.35777646e-02]   [  2.38243490e-02]   [  1.67219471e-02]   [  4.98204958e-03]   [ -8.40966124e-03]   [ -1.30017959e-02]   [ -1.22446716e-02]   [ -1.36276605e-02]   [ -8.58392846e-03]   [  4.20546997e-03]   [  1.30238021e-02]   [  1.89066604e-02]   [  2.38588322e-02]   [  2.27161888e-02]   [  2.62782760e-02]   [  2.41835602e-02]   [  1.03646722e-02]   [ -1.64376514e-04]   [ -1.27854047e-03]   [  8.09424848e-04]   [  4.44006547e-03]   [  1.13758398e-02]   [  1.14492951e-02]   [  1.10374987e-02]   [  9.52606183e-03]   [  3.02674505e-03]   [  3.66067339e-04]   [ -1.17573392e-04]   [  1.15784397e-02]   [  1.69424787e-02]   [  2.91753672e-02]   [  3.53444144e-02]   [  3.28546129e-02]   [  2.38113273e-02]   [  1.49064930e-02]   [  1.01276273e-02]   [  3.86047550e-03]   [ -5.63324941e-03]   [ -1.01164375e-02]   [ -1.35883940e-02]   [ -1.12172989e-02]   [ -6.97564706e-03]   [  1.44457759e-03]   [  9.34032165e-03]   [  1.27423583e-02]   [  2.29478646e-02]   [  2.73539107e-02]   [  3.12368311e-02]   [  3.25866528e-02]   [  2.16136314e-02]   [  5.50880097e-03]   [ -3.18595814e-03]   [ -2.76642293e-03]   [  2.09528077e-02]   [  3.75230499e-02]   [  4.54956181e-02]   [  6.33564964e-02]   [  6.60024136e-02]   [  5.49655035e-02]   [  4.57146987e-02]   [  4.19398062e-02]   [  4.36098129e-02]   [  3.13743316e-02]   [  2.19268575e-02]   [  2.05547698e-02]   [  1.47487177e-02]   [  1.13862632e-02]   [  1.12220803e-02]   [  9.32105724e-03]   [  8.05998128e-03]   [  1.55034487e-03]   [  3.35720531e-03]   [  1.00857008e-03]   [  6.55449741e-03]   [  7.97262322e-03]   [ -6.44728789e-05]   [  1.56975072e-03]   [  1.03037963e-02]   [  1.20847179e-02]   [  1.24090500e-02]   [  7.99903926e-03]   [  1.13905882e-02]   [  6.13281364e-03]   [  3.25516076e-03]   [ -3.90625140e-03]   [ -9.97444429e-03]   [ -9.76876263e-03]   [ -1.14230551e-02]   [ -1.71092264e-02]   [ -1.27550606e-02]   [ -4.07171647e-05]   [  5.43116070e-02]   [  5.96448295e-02]   [  4.74763401e-02]   [  4.39368524e-02]   [  4.52289246e-02]   [  3.49472798e-02]   [  2.57694554e-02]   [  1.82270203e-02]   [ -5.09738747e-04]   [ -4.71854786e-04]   [  8.81301984e-03]   [  8.23670812e-03]   [  1.62479281e-02]   [  1.04226526e-02]   [  8.71694274e-03]   [  3.47071374e-03]   [  2.88804481e-03]   [  8.18224251e-03]   [  9.47515108e-03]   [  7.67338043e-03]   [  5.15943300e-03]   [  7.99922924e-03]   [  8.55915621e-03]   [  7.93627929e-03]   [  6.77770749e-03]   [  5.27478056e-03]   [  1.08506549e-02]   [  4.49092733e-03]   [ -3.39800073e-03]   [ -1.42732048e-02]   [ -1.69593506e-02]   [ -2.08214279e-02]   [ -1.67141110e-02]   [ -4.73654643e-03]   [  6.37735287e-03]   [  4.03617471e-02]   [  8.89375061e-02]   [  9.79377031e-02]   [  8.55512768e-02]   [  6.61332309e-02]   [  5.48302643e-02]   [  2.89968774e-02]   [  2.12990511e-02]   [  1.31897796e-02]   [  1.00800944e-02]   [  1.31454431e-02]   [  1.49289407e-02]   [  1.61868576e-02]   [  1.21534532e-02]   [  3.08586867e-03]   [  1.21040829e-03]   [ -4.02142806e-03]   [ -9.57330503e-03]   [ -1.28801530e-02]   [ -1.01344762e-02]   [ -1.83303870e-04]   [  1.29004838e-02]   [  1.74389295e-02]   [  3.20857801e-02]   [  7.83363506e-02]   [  1.33364990e-01]   [  1.62229434e-01]   [  1.80576459e-01]   [  1.99455753e-01]   [  2.11027548e-01]   [  2.15307593e-01]   [  1.98665813e-01]   [  1.68988854e-01]   [  1.53591961e-01]   [  1.46816239e-01]   [  1.39819875e-01]   [  1.41869858e-01]   [  1.52899832e-01]   [  2.05216751e-01]   [  2.54595459e-01]   [  2.63678104e-01]   [  2.53261596e-01]   [  2.37673208e-01]   [  2.25607216e-01]   [  2.08708093e-01]   [  1.57393724e-01]   [  1.22987062e-01]   [  1.11864112e-01]   [  1.02138214e-01]   [  1.02903791e-01]   [  1.01860970e-01]   [  9.65466201e-02]   [  9.52791423e-02]   [  9.70895663e-02]   [  1.10546932e-01]   [  1.55622110e-01]   [  2.23061264e-01]   [  2.72828519e-01]   [  2.83970118e-01]   [  2.82700449e-01]   [  2.87806541e-01]   [  2.54764289e-01]   [  1.68042958e-01]   [  9.76030752e-02]   [  5.49927577e-02]   [  1.65027846e-02]   [ -1.75950378e-02]   [ -4.87816297e-02]   [ -8.28668326e-02]   [ -1.10616565e-01]   [ -1.36986911e-01]   [ -1.57648638e-01]   [ -1.77688569e-01]   [ -2.02394962e-01]   [ -2.19495252e-01]   [ -2.38730744e-01]   [ -2.56146461e-01]   [ -2.67425716e-01]   [ -2.80682206e-01]   [ -2.92811990e-01]   [ -3.01863790e-01]   [ -3.11359704e-01]   [ -3.21552575e-01]   [ -3.32311809e-01]   [ -3.38508695e-01]   [ -3.46338421e-01]   [ -3.51948649e-01]   [ -3.56428325e-01]   [ -3.61767024e-01]   [ -3.62216860e-01]   [ -3.62182707e-01]]] 
400; -1067.93865457;[[[  1.25117647e-02]   [  1.02983657e-02]   [  2.97890720e-03]   [  1.06302113e-03]   [  8.41346383e-03]   [  1.73419304e-02]   [  3.77741791e-02]   [  3.93289626e-02]   [  3.94681469e-02]   [  2.97223441e-02]   [  2.30274424e-02]   [  1.21922549e-02]   [  1.56138325e-03]   [ -3.34820501e-03]   [ -7.69424671e-03]   [ -9.22077801e-03]   [ -5.63882757e-03]   [ -4.64639068e-03]   [  5.99726196e-03]   [  9.22282878e-03]   [  1.95623878e-02]   [  3.45957354e-02]   [  4.35074344e-02]   [  3.46122868e-02]   [  2.83820126e-02]   [  5.01206471e-03]   [ -4.48285602e-03]   [  2.62745144e-03]   [  9.30446200e-03]   [  2.19726935e-02]   [  3.54801789e-02]   [  3.74885276e-02]   [  2.73314659e-02]   [  2.62552854e-02]   [  2.60075368e-02]   [  2.02241112e-02]   [  9.43780597e-03]   [ -4.69415775e-03]   [ -1.09503642e-02]   [ -1.08670592e-02]   [ -1.26733612e-02]   [ -7.52399582e-03]   [  5.94136026e-03]   [  1.57586429e-02]   [  2.25803535e-02]   [  3.07610892e-02]   [  3.22280303e-02]   [  3.56952623e-02]   [  3.19035910e-02]   [  1.06898975e-02]   [ -4.16158885e-03]   [ -4.70554782e-03]   [ -2.00510817e-03]   [  1.11952802e-04]   [  1.02043189e-02]   [  1.11981956e-02]   [  1.13684675e-02]   [  1.02586690e-02]   [  3.22468975e-03]   [ -3.98926641e-04]   [ -1.43554562e-03]   [  1.01154568e-02]   [  1.61769576e-02]   [  3.13836969e-02]   [  3.95812057e-02]   [  3.70942988e-02]   [  2.74194255e-02]   [  1.79377366e-02]   [  1.34742167e-02]   [  7.09816767e-03]   [ -3.25389905e-03]   [ -9.27409157e-03]   [ -1.28648449e-02]   [ -1.06990514e-02]   [ -5.34801697e-03]   [  4.40054107e-03]   [  1.42691238e-02]   [  1.88176595e-02]   [  3.31194811e-02]   [  3.77539210e-02]   [  3.99635136e-02]   [  3.87988202e-02]   [  2.11092476e-02]   [ -9.78735858e-04]   [ -1.42851323e-02]   [ -3.26931709e-03]   [  3.93911973e-02]   [  4.96501066e-02]   [  5.80891632e-02]   [  7.21049234e-02]   [  6.68348894e-02]   [  4.65627909e-02]   [  4.83599342e-02]   [  4.83912118e-02]   [  4.98408005e-02]   [  3.50908339e-02]   [  2.21472494e-02]   [  1.78819932e-02]   [  1.82211325e-02]   [  1.62148420e-02]   [  1.72042008e-02]   [  1.65632330e-02]   [  1.58985481e-02]   [  9.32808686e-03]   [  1.10173272e-02]   [  8.57270695e-03]   [  1.40376454e-02]   [  1.54824080e-02]   [  6.55994704e-03]   [  7.60545162e-03]   [  1.59794316e-02]   [  1.74832027e-02]   [  1.76025853e-02]   [  1.30269490e-02]   [  1.54563254e-02]   [  1.00799166e-02]   [  6.34514913e-03]   [ -1.70378771e-03]   [ -8.84422380e-03]   [ -9.36779194e-03]   [ -1.13003943e-02]   [ -1.64414048e-02]   [ -1.15022417e-02]   [  1.79543789e-03]   [  5.27853966e-02]   [  6.73234090e-02]   [  4.71548177e-02]   [  4.21082862e-02]   [  4.38103676e-02]   [  3.13865840e-02]   [  2.11157314e-02]   [ -3.91304446e-03]   [ -3.73332528e-04]   [  2.14495091e-03]   [  1.34292971e-02]   [  2.28630770e-02]   [  3.35169621e-02]   [  2.49976311e-02]   [  6.00592094e-03]   [  1.18231296e-03]   [  2.36306875e-03]   [  2.58789328e-03]   [  1.73708261e-03]   [  3.54302931e-03]   [  4.79961373e-03]   [  1.15416404e-02]   [  1.26176598e-02]   [  1.30916778e-02]   [  1.09465588e-02]   [  8.40887986e-03]   [  1.31795090e-02]   [  6.23999722e-03]   [ -2.16892688e-03]   [ -1.35717802e-02]   [ -1.67181324e-02]   [ -2.09858138e-02]   [ -1.70908682e-02]   [ -4.96861385e-03]   [  6.54864404e-03]   [  4.17480953e-02]   [  9.67432931e-02]   [  1.10600427e-01]   [  9.80283692e-02]   [  7.66964182e-02]   [  6.37891591e-02]   [  3.93595994e-02]   [  3.02165635e-02]   [  1.63268466e-02]   [  8.94702040e-03]   [  1.07604498e-02]   [  1.44930063e-02]   [  2.19200794e-02]   [  2.43580937e-02]   [  1.94313843e-02]   [  2.25918461e-02]   [  2.24917736e-02]   [  2.03245319e-02]   [  1.90732051e-02]   [  2.34341100e-02]   [  3.59854810e-02]   [  5.15941754e-02]   [  5.77913299e-02]   [  7.14381039e-02]   [  1.09899193e-01]   [  1.67104885e-01]   [  1.85119480e-01]   [  1.98632807e-01]   [  2.25325957e-01]   [  2.46999010e-01]   [  2.61799306e-01]   [  2.66142577e-01]   [  2.79808760e-01]   [  2.58792728e-01]   [  2.41599530e-01]   [  2.27246076e-01]   [  2.22596630e-01]   [  2.26977825e-01]   [  2.67960608e-01]   [  3.07257295e-01]   [  3.07014138e-01]   [  2.86845982e-01]   [  2.61909693e-01]   [  2.42904574e-01]   [  2.20060304e-01]   [  1.64818570e-01]   [  1.27610937e-01]   [  1.14011042e-01]   [  1.02299795e-01]   [  1.01220526e-01]   [  9.84699279e-02]   [  9.11221504e-02]   [  8.84293467e-02]   [  8.96885768e-02]   [  1.02820441e-01]   [  1.48085028e-01]   [  2.17957497e-01]   [  2.69075423e-01]   [  2.78266221e-01]   [  2.73055136e-01]   [  2.75112092e-01]   [  2.40444079e-01]   [  1.52793586e-01]   [  8.13976303e-02]   [  3.81490141e-02]   [ -8.01318383e-04]   [ -3.53671648e-02]   [ -6.69864640e-02]   [ -1.01508796e-01]   [ -1.29692957e-01]   [ -1.56520292e-01]   [ -1.77616566e-01]   [ -1.98201925e-01]   [ -2.23538935e-01]   [ -2.41360843e-01]   [ -2.61442661e-01]   [ -2.79854953e-01]   [ -2.92294055e-01]   [ -3.06814551e-01]   [ -3.20015788e-01]   [ -3.28900933e-01]   [ -3.35645080e-01]   [ -3.41535777e-01]   [ -3.48069161e-01]   [ -3.50762516e-01]   [ -3.55877548e-01]   [ -3.59424114e-01]   [ -3.62358034e-01]   [ -3.66595507e-01]   [ -3.66333127e-01]   [ -3.65957797e-01]]] 
Time Training (500episodes);2458.349911212921
Final Learned Reward Map; [[[ 0.00671521]   [ 0.00328939]   [-0.00353132]   [-0.00455801]   [ 0.00225796]   [ 0.01780964]   [ 0.048023  ]   [ 0.05020379]   [ 0.04829756]   [ 0.03380052]   [ 0.02476583]   [ 0.01406248]   [ 0.00305927]   [-0.00350558]   [-0.01049427]   [-0.01261782]   [-0.0093002 ]   [-0.0077779 ]   [ 0.00410507]   [ 0.00852916]   [ 0.0193374 ]   [ 0.03655329]   [ 0.05090476]   [ 0.04036751]   [ 0.03561445]   [ 0.00472576]   [-0.00846284]   [-0.00073205]   [ 0.00637396]   [ 0.0216866 ]   [ 0.0399684 ]   [ 0.04219336]   [ 0.02977226]   [ 0.02699058]   [ 0.02605905]   [ 0.02090444]   [ 0.01018179]   [-0.00497429]   [-0.01300289]   [-0.01323476]   [-0.0154    ]   [-0.00985861]   [ 0.00427074]   [ 0.01482334]   [ 0.02185236]   [ 0.03283226]   [ 0.03882625]   [ 0.04371647]   [ 0.03870772]   [ 0.00874149]   [-0.01188042]   [-0.01261016]   [-0.00903734]   [-0.00554163]   [ 0.00525705]   [ 0.00954621]   [ 0.01423924]   [ 0.01344719]   [ 0.00519797]   [ 0.00148991]   [ 0.00113097]   [ 0.01186388]   [ 0.01898258]   [ 0.03678516]   [ 0.04539677]   [ 0.04096054]   [ 0.03007807]   [ 0.0185749 ]   [ 0.01387768]   [ 0.00631583]   [-0.00524986]   [-0.01276669]   [-0.01663359]   [-0.01466864]   [-0.00802696]   [ 0.00273374]   [ 0.01407386]   [ 0.01796952]   [ 0.03779867]   [ 0.04269853]   [ 0.04639766]   [ 0.04304264]   [ 0.02037551]   [-0.00687155]   [-0.02334556]   [-0.00520869]   [ 0.04323287]   [ 0.03848691]   [ 0.05412175]   [ 0.06868379]   [ 0.06110962]   [ 0.03615301]   [ 0.03814293]   [ 0.03724075]   [ 0.04172394]   [ 0.02980355]   [ 0.01651878]   [ 0.00923833]   [ 0.01124511]   [ 0.01191751]   [ 0.01592717]   [ 0.01780575]   [ 0.01912005]   [ 0.01364456]   [ 0.01600427]   [ 0.01364402]   [ 0.01890997]   [ 0.01956833]   [ 0.0090524 ]   [ 0.00913455]   [ 0.01800688]   [ 0.02061742]   [ 0.02181502]   [ 0.01685775]   [ 0.01790235]   [ 0.01169642]   [ 0.00709837]   [-0.00198041]   [-0.01056625]   [-0.0113721 ]   [-0.01339342]   [-0.01834426]   [-0.01265727]   [ 0.00045081]   [ 0.05136757]   [ 0.07048579]   [ 0.04996143]   [ 0.04407793]   [ 0.04683079]   [ 0.03194489]   [ 0.02248424]   [-0.01742637]   [-0.00639589]   [-0.00084652]   [ 0.01438904]   [ 0.02263041]   [ 0.03216671]   [ 0.01750693]   [ 0.00561087]   [ 0.00274507]   [ 0.00603517]   [ 0.00612971]   [ 0.00414845]   [ 0.00439122]   [ 0.00394221]   [ 0.00984823]   [ 0.01410641]   [ 0.01404214]   [ 0.01143155]   [ 0.00857304]   [ 0.0130063 ]   [ 0.0065001 ]   [-0.00215684]   [-0.01435644]   [-0.01855416]   [-0.02459268]   [-0.02264845]   [-0.01077484]   [ 0.00189714]   [ 0.04152858]   [ 0.11362217]   [ 0.14134647]   [ 0.13243827]   [ 0.11137903]   [ 0.096995  ]   [ 0.06619184]   [ 0.04255816]   [ 0.00945574]   [-0.0111562 ]   [-0.01628659]   [-0.00933763]   [ 0.00867369]   [ 0.0262062 ]   [ 0.03832774]   [ 0.05614343]   [ 0.06612697]   [ 0.07119311]   [ 0.07368179]   [ 0.07676866]   [ 0.08978343]   [ 0.11121144]   [ 0.12587038]   [ 0.14240098]   [ 0.18645374]   [ 0.24524327]   [ 0.26659751]   [ 0.27784759]   [ 0.30347154]   [ 0.31968418]   [ 0.32826993]   [ 0.32546592]   [ 0.33459115]   [ 0.30712622]   [ 0.28455406]   [ 0.26571226]   [ 0.25781351]   [ 0.25888619]   [ 0.29738918]   [ 0.33510381]   [ 0.3332479 ]   [ 0.31117693]   [ 0.28468406]   [ 0.26433054]   [ 0.24024627]   [ 0.18349865]   [ 0.1448061 ]   [ 0.12915668]   [ 0.11612943]   [ 0.11329949]   [ 0.10976969]   [ 0.10139968]   [ 0.09746185]   [ 0.09765026]   [ 0.11039351]   [ 0.15563646]   [ 0.22585379]   [ 0.27609956]   [ 0.28398946]   [ 0.27753824]   [ 0.27917281]   [ 0.24399255]   [ 0.15587859]   [ 0.08416503]   [ 0.04066414]   [ 0.00138137]   [-0.03358198]   [-0.06558224]   [-0.10049567]   [-0.12906608]   [-0.1562728 ]   [-0.17787421]   [-0.19897358]   [-0.2248446 ]   [-0.2432134 ]   [-0.26381156]   [-0.28275943]   [-0.29570106]   [-0.31066775]   [-0.32408947]   [-0.33181518]   [-0.33666551]   [-0.3421979 ]   [-0.34841609]   [-0.35076258]   [-0.35575625]   [-0.35959244]   [-0.36314678]   [-0.36809427]   [-0.36840218]   [-0.36832651]]] 
Evaluation Episode; Reward 
0; -1737.40645754
1; -1022.14483811
2; -938.228173953
3; -126.514145642
4; -1317.06558893
5; -894.454559761
6; -0.338307086282
7; -1065.97989447
8; -127.300082239
9; -127.232424571
10; -1463.47181227
11; -966.176892977
12; -984.904218938
13; -1677.33026736
14; -772.28677623
15; -878.981439557
16; -1109.10701566
17; -1289.79389225
18; -124.46500531
19; -1173.015947
20; -1323.56501867
21; -908.534914159
22; -1609.94864554
23; -1316.9597187
24; -1659.84732676
25; -1588.16678945
26; -1581.73633371
27; -975.984379823
28; -1557.21178656
29; -1309.39941698
30; -1237.49742436
31; -126.396146648
32; -1112.99623817
33; -1138.05962351
34; -1719.96926801
35; -1735.83851007
36; -1588.5078545
37; -126.440759224
38; -1112.96929177
39; -127.514225858
40; -863.684326045
41; -1694.84201208
42; -1257.16096251
43; -1628.29342358
44; -1606.16255375
45; -1155.73809093
46; -1602.56983566
47; -981.298652151
48; -972.331987663
49; -1481.02560833
50; -1189.44401738
51; -993.626449915
52; -1647.89632121
53; -0.322803010373
54; -1733.46509629
55; -1166.31790491
56; -1012.05364743
57; -1189.64543618
58; -0.882847298241
59; -504.004477923
60; -1308.85273666
61; -1653.51975158
62; -503.201658415
63; -1108.14251938
64; -126.754315183
65; -1656.814554
66; -1512.08167661
67; -890.59762194
68; -1347.18640275
69; -1699.53222321
70; -1356.43856375
71; -1376.3842966
72; -252.219834084
73; -1120.61274388
74; -1556.34241499
75; -126.376004337
76; -887.153326429
77; -1172.55373721
78; -1729.12807166
79; -1143.39504718
80; -126.806043124
81; -0.210613163303
82; -1627.45828627
83; -127.266557285
84; -0.860018061225
85; -1309.71050216
86; -1278.60609724
87; -0.578083909521
88; -1303.2654966
89; -1223.29787297
90; -962.196289905
91; -251.63227649
92; -1300.61353663
93; -1326.61437756
94; -126.347685923
95; -1343.51634788
96; -1399.34466523
97; -997.200978237
98; -1538.29595308
99; -878.770529653
endExperiment

numstates; 500 
 num value iterations; 30 
 conv type; circular 
conv width; 11 
 channel_i; 1 
 channel_h; 50 
 channel_q; 15 
hidden layer size; 30 
 learning rate; 0.000100 
 TAU; 0.001000 
 batch size; 16 
 reward; 
 New angle formula 
Episodes Spent Training; 50 Episode Eval Avg; Learned Reward Map 
